Author,Book,Category,Reading Year,ISBN,Metadata Title,Metadata Author,Metadata Publisher,Metadata Year,Metadata Language,Metadata Cover URL Thumbnail,Metadata Cover URL Small Thumbnail,Number Of Copies
George Webster,This is me,Reading Challenge,EYFS,9780702319143,This Is Me,George Webster,Unknown,2023,en,http://books.google.com/books/content?id=ceH4zgEACAAJ&printsec=frontcover&img=1&zoom=1&source=gbs_api,http://books.google.com/books/content?id=ceH4zgEACAAJ&printsec=frontcover&img=1&zoom=5&source=gbs_api,1
Sarah Christou,Blue,Reading Challenge,EYFS,9780571376360,Blue,Sarah Christou,Faber & Faber Children's Books,2023,en,http://books.google.com/books/content?id=5KQ4zwEACAAJ&printsec=frontcover&img=1&zoom=1&source=gbs_api,http://books.google.com/books/content?id=5KQ4zwEACAAJ&printsec=frontcover&img=1&zoom=5&source=gbs_api,1
Samantha Cotterill,This beach is loud !,Reading Challenge,EYFS,9781789561364,This Beach Is Loud!,Samantha Cotterill,Upside Down Books,2020,en,http://books.google.com/books/content?id=Ng5qzAEACAAJ&printsec=frontcover&img=1&zoom=1&source=gbs_api,http://books.google.com/books/content?id=Ng5qzAEACAAJ&printsec=frontcover&img=1&zoom=5&source=gbs_api,1
Swapna Haddow,My mum is a lioness,Reading Challenge,EYFS,9781529013993,My Mum Is A Lioness,Swapna Haddow,Macmillan Children's Books,2022,en,http://books.google.com/books/content?id=m0eZzgEACAAJ&printsec=frontcover&img=1&zoom=1&source=gbs_api,http://books.google.com/books/content?id=m0eZzgEACAAJ&printsec=frontcover&img=1&zoom=5&source=gbs_api,1
Laura Gallagher,Robo Babies,Reading Challenge,EYFS,9781913339043,Robo-Babies,Laura Gallagher,Unknown,2020,en,Unknown,Unknown,1
Dapo Adeola,Hey You!,Reading Challenge,EYFS,9780241521946,Hey You! - An Empowering Celebration Of Growing Up Black,Dapo Adeola,Puffin,2021,en,http://books.google.com/books/content?id=7ugazgEACAAJ&printsec=frontcover&img=1&zoom=1&source=gbs_api,http://books.google.com/books/content?id=7ugazgEACAAJ&printsec=frontcover&img=1&zoom=5&source=gbs_api,1
Karamo Brown,I am perfectly designed,Reading Challenge,EYFS,9781250232212,I Am Perfectly Designed,Karamo Brown & Jason Brown,Henry Holt and Company (BYR),2019,en,http://books.google.com/books/content?id=PvFjxQEACAAJ&printsec=frontcover&img=1&zoom=1&source=gbs_api,http://books.google.com/books/content?id=PvFjxQEACAAJ&printsec=frontcover&img=1&zoom=5&source=gbs_api,1
Vanessa Brantly-Newton,Grandma's purse,Reading Challenge,EYFS,9781524714314,Grandma's Purse,Vanessa Brantley-Newton,Knopf Books for Young Readers,2018,en,http://books.google.com/books/content?id=sKlCDwAAQBAJ&printsec=frontcover&img=1&zoom=1&source=gbs_api,http://books.google.com/books/content?id=sKlCDwAAQBAJ&printsec=frontcover&img=1&zoom=5&source=gbs_api,1
Lizzie Finlay,Chapatti moon,Reading Challenge,EYFS,9781848531284,Chapatti Moon,Pippa Goodhart,Tamarind,2017,en,http://books.google.com/books/content?id=efLowAEACAAJ&printsec=frontcover&img=1&zoom=1&source=gbs_api,http://books.google.com/books/content?id=efLowAEACAAJ&printsec=frontcover&img=1&zoom=5&source=gbs_api,1
Rose  Robbins,Talking is not my thing,Reading Challenge,EYFS,9780802855497,Talking Is Not My Thing,Rose Robbins,Eerdmans Books For Young Readers,2020,en,http://books.google.com/books/content?id=V6YvzQEACAAJ&printsec=frontcover&img=1&zoom=1&source=gbs_api,http://books.google.com/books/content?id=V6YvzQEACAAJ&printsec=frontcover&img=1&zoom=5&source=gbs_api,1
Abeeha Tariq,My most exciting eid,Reading Challenge,EYFS,9780702313240,The Most Exciting Eid,Zeba Talkhani,Unknown,2022,en,http://books.google.com/books/content?id=TxmUzgEACAAJ&printsec=frontcover&img=1&zoom=1&source=gbs_api,http://books.google.com/books/content?id=TxmUzgEACAAJ&printsec=frontcover&img=1&zoom=5&source=gbs_api,1
Stevan Cowell and Erica Salcedo,Poo poo bum bum wee wee,Reading Challenge,EYFS,9780241473085,Poo Poo Bum Bum Wee Wee,Steven Cowell,Ladybird,2021,en,http://books.google.com/books/content?id=_8rYzQEACAAJ&printsec=frontcover&img=1&zoom=1&source=gbs_api,http://books.google.com/books/content?id=_8rYzQEACAAJ&printsec=frontcover&img=1&zoom=5&source=gbs_api,1
Michaela Dias-Hayes,Family and me!,Reading Challenge,EYFS,9781913339395,Family And Me,Michaela Dias-Hayes,Unknown,2022,en,http://books.google.com/books/content?id=Uc75zgEACAAJ&printsec=frontcover&img=1&zoom=1&source=gbs_api,http://books.google.com/books/content?id=Uc75zgEACAAJ&printsec=frontcover&img=1&zoom=5&source=gbs_api,1
Garry Parson,Lama Glamarama,Reading Challenge,EYFS,9781338736182,Llama Glamarama,Unknown,Orchard Books,2021,en,http://books.google.com/books/content?id=o4GyzQEACAAJ&printsec=frontcover&img=1&zoom=1&source=gbs_api,http://books.google.com/books/content?id=o4GyzQEACAAJ&printsec=frontcover&img=1&zoom=5&source=gbs_api,1
Jessica Love,Julian is a mermaid,Reading Challenge,EYFS,9781406386424,Julian Is A Mermaid,Jessica Love,Unknown,2019,en,http://books.google.com/books/content?id=VzFrvQEACAAJ&printsec=frontcover&img=1&zoom=1&source=gbs_api,http://books.google.com/books/content?id=VzFrvQEACAAJ&printsec=frontcover&img=1&zoom=5&source=gbs_api,1
Angela Brooksbank,Catch that chicken,Reading Challenge,EYFS,9781406363616,Catch That Chicken!,Atinuke,Unknown,2020,en,http://books.google.com/books/content?id=LcprzQEACAAJ&printsec=frontcover&img=1&zoom=1&source=gbs_api,http://books.google.com/books/content?id=LcprzQEACAAJ&printsec=frontcover&img=1&zoom=5&source=gbs_api,1
John Agard,Books make good pets,Reading Challenge,EYFS,9781408359877,Books Make Good Pets,John Agard,Orchard Books,2020,en,http://books.google.com/books/content?id=FpqTyQEACAAJ&printsec=frontcover&img=1&zoom=1&source=gbs_api,http://books.google.com/books/content?id=FpqTyQEACAAJ&printsec=frontcover&img=1&zoom=5&source=gbs_api,1
Rachel Bright,The Stompysaurus,Reading Challenge,EYFS,9781408356166,The Stompysaurus Rachel Bright Untitled 1,Rachel Bright,Orchard Books,2022,en,http://books.google.com/books/content?id=plO-zQEACAAJ&printsec=frontcover&img=1&zoom=1&source=gbs_api,http://books.google.com/books/content?id=plO-zQEACAAJ&printsec=frontcover&img=1&zoom=5&source=gbs_api,1
Alice Courtley,Lost in the city,Reading Challenge,EYFS,9781408364192,Lost In The City,Alice Courtley,Orchard Books,2022,en,http://books.google.com/books/content?id=6kSKzgEACAAJ&printsec=frontcover&img=1&zoom=1&source=gbs_api,http://books.google.com/books/content?id=6kSKzgEACAAJ&printsec=frontcover&img=1&zoom=5&source=gbs_api,1
Yessica Baeten,The zoo inside me,Reading Challenge,EYFS,9781839131455,The Zoo Inside Me,Ruth DOYLE,Unknown,2023,en,Unknown,Unknown,1
Carrie Finison,Don't hug Dough,Reading Challenge,EYFS,9780241527573,Don't Hug Doug (He Doesn't Like It) - A Picture Book About Consent,Carrie Finison,Ladybird,2021,en,http://books.google.com/books/content?id=U2odzgEACAAJ&printsec=frontcover&img=1&zoom=1&source=gbs_api,http://books.google.com/books/content?id=U2odzgEACAAJ&printsec=frontcover&img=1&zoom=5&source=gbs_api,1
Polly Dunbar,Can bears ski,Reading Challenge,EYFS,9781406382624,Can Bears Ski?,Raymond Antrobus,Unknown,2021,en,http://books.google.com/books/content?id=3LrZzQEACAAJ&printsec=frontcover&img=1&zoom=1&source=gbs_api,http://books.google.com/books/content?id=3LrZzQEACAAJ&printsec=frontcover&img=1&zoom=5&source=gbs_api,1
Fiona Lumbers,The hairdo that got away,Reading Challenge,EYFS,9781783447824,The Hairdo That Got Away,Joseph Coelho,Unknown,2019,en,http://books.google.com/books/content?id=UWzrwAEACAAJ&printsec=frontcover&img=1&zoom=1&source=gbs_api,http://books.google.com/books/content?id=UWzrwAEACAAJ&printsec=frontcover&img=1&zoom=5&source=gbs_api,1
Dapo Adeola,We're going to find the monster,Reading Challenge,EYFS,9780241401309,We're Going To Find The Monster,Malorie Blackman,Puffin Books,2021,en,http://books.google.com/books/content?id=trcczgEACAAJ&printsec=frontcover&img=1&zoom=1&source=gbs_api,http://books.google.com/books/content?id=trcczgEACAAJ&printsec=frontcover&img=1&zoom=5&source=gbs_api,1
Chante Timothy,Daddy do my hair,Reading Challenge,EYFS,9781398511460,Daddy Do My Hair: Beth's Twists,Tolá Okogwu,Simon and Schuster,2022,en,http://books.google.com/books/content?id=7t9FEAAAQBAJ&printsec=frontcover&img=1&zoom=1&source=gbs_api,http://books.google.com/books/content?id=7t9FEAAAQBAJ&printsec=frontcover&img=1&zoom=5&source=gbs_api,1
Matthew A Cherry,Hair Love,Reading Challenge,EYFS,9780525553366,Hair Love,Matthew A. Cherry,Penguin,2019,en,http://books.google.com/books/content?id=jjGgDwAAQBAJ&printsec=frontcover&img=1&zoom=1&source=gbs_api,http://books.google.com/books/content?id=jjGgDwAAQBAJ&printsec=frontcover&img=1&zoom=5&source=gbs_api,1
Kate Hindley,The same but different too,Reading Challenge,EYFS,9781788004008,The Same But Different Too,Karl Newson,Unknown,2019,en,http://books.google.com/books/content?id=STsJvAEACAAJ&printsec=frontcover&img=1&zoom=1&source=gbs_api,http://books.google.com/books/content?id=STsJvAEACAAJ&printsec=frontcover&img=1&zoom=5&source=gbs_api,1
Rachael Davis,I am not a prince,Reading Challenge,EYFS,9781408362259,I Am NOT A Prince,Rachael Davis,Orchard Books,2022,en,http://books.google.com/books/content?id=NsMszgEACAAJ&printsec=frontcover&img=1&zoom=1&source=gbs_api,http://books.google.com/books/content?id=NsMszgEACAAJ&printsec=frontcover&img=1&zoom=5&source=gbs_api,1
Corrina Campbell,The boy who rescued a rainbow,Reading Challenge,EYFS,9781916205468,The Boy Who Rescued A Rainbow,Corrina Campbell,Unknown,2022,en,http://books.google.com/books/content?id=6Bv5zgEACAAJ&printsec=frontcover&img=1&zoom=1&source=gbs_api,http://books.google.com/books/content?id=6Bv5zgEACAAJ&printsec=frontcover&img=1&zoom=5&source=gbs_api,1
Lily murray,A dress with pockets,Reading Challenge,EYFS,9781529047868,A Dress With Pockets,Lily Murray,Macmillan Children's Books,2022,en,http://books.google.com/books/content?id=k2qdzgEACAAJ&printsec=frontcover&img=1&zoom=1&source=gbs_api,http://books.google.com/books/content?id=k2qdzgEACAAJ&printsec=frontcover&img=1&zoom=5&source=gbs_api,1
Adam and Charlotte Guillian,My big fantastic family,Reading Challenge,EYFS,9781839943478,My Big Fantastic Family,Adam Guillain & Charlotte Guillain,Unknown,2021,en,http://books.google.com/books/content?id=xQJzzgEACAAJ&printsec=frontcover&img=1&zoom=1&source=gbs_api,http://books.google.com/books/content?id=xQJzzgEACAAJ&printsec=frontcover&img=1&zoom=5&source=gbs_api,1
Samuel Boughton,The Extraordinary Gardener,Reading Challenge,EYFS,9781849765664,The Extraordinary Gardener,Sam Boughton,Unknown,2018,en,http://books.google.com/books/content?id=SWjdtAEACAAJ&printsec=frontcover&img=1&zoom=1&source=gbs_api,http://books.google.com/books/content?id=SWjdtAEACAAJ&printsec=frontcover&img=1&zoom=5&source=gbs_api,1
AKALA,Hip and HOP,Reading Challenge,EYFS,9780192747808,You Can Do Anything (Hip And Hop),Akala,Unknown,2017,en,http://books.google.com/books/content?id=r2YFMQAACAAJ&printsec=frontcover&img=1&zoom=1&source=gbs_api,http://books.google.com/books/content?id=r2YFMQAACAAJ&printsec=frontcover&img=1&zoom=5&source=gbs_api,1
Julia Donaldson,Freddie and the Fairy,Reading Challenge,EYFS,9780330511186,Freddie And The Fairy,Julia Donaldson,Pan Macmillan,2012,en,http://books.google.com/books/content?id=-iHOSAAACAAJ&printsec=frontcover&img=1&zoom=1&source=gbs_api,http://books.google.com/books/content?id=-iHOSAAACAAJ&printsec=frontcover&img=1&zoom=5&source=gbs_api,1
Jion Sheibani,The Worries,Reading Challenge,1,9780241438619,The Worries,Jion Sheibani,Puffin,2021,en,http://books.google.com/books/content?id=n76EzQEACAAJ&printsec=frontcover&img=1&zoom=1&source=gbs_api,http://books.google.com/books/content?id=n76EzQEACAAJ&printsec=frontcover&img=1&zoom=5&source=gbs_api,1
Zadie Smith,Weirdo,Reading Challenge,1,9780241449608,Weirdo,Zadie Smith & Nick Laird,Puffin,2021,en,http://books.google.com/books/content?id=v-WfzQEACAAJ&printsec=frontcover&img=1&zoom=1&source=gbs_api,http://books.google.com/books/content?id=v-WfzQEACAAJ&printsec=frontcover&img=1&zoom=5&source=gbs_api,1
Georgina Stevens,Stella and the Seagull,Reading Challenge,1,9780192774682,Stella And The Seagull,Georgina Stevens,Unknown,2020,en,http://books.google.com/books/content?id=TmC3zAEACAAJ&printsec=frontcover&img=1&zoom=1&source=gbs_api,http://books.google.com/books/content?id=TmC3zAEACAAJ&printsec=frontcover&img=1&zoom=5&source=gbs_api,1
Saadia Faruqi,Yasmin The Scientist,Reading Challenge,1,9781515883739,Yasmin The Scientist,Saadia Faruqi,Picture Window Books,2021,en,http://books.google.com/books/content?id=-2AFEAAAQBAJ&printsec=frontcover&img=1&zoom=1&edge=curl&source=gbs_api,http://books.google.com/books/content?id=-2AFEAAAQBAJ&printsec=frontcover&img=1&zoom=5&edge=curl&source=gbs_api,1
Keith Negley,Tough Guys have feelings too,Reading Challenge,1,9781909263666,Tough Guys Have Feelings Too,Keith Negley,National Geographic Books,2015,en,http://books.google.com/books/content?id=bBaREAAAQBAJ&printsec=frontcover&img=1&zoom=1&source=gbs_api,http://books.google.com/books/content?id=bBaREAAAQBAJ&printsec=frontcover&img=1&zoom=5&source=gbs_api,1
Poonam Mistry,How the Stars Came to Be,Reading Challenge,1,9781849766630,How The Stars Came To Be,Poonam Mistry,Tate Publishing(UK),2019,en,http://books.google.com/books/content?id=BkZCxgEACAAJ&printsec=frontcover&img=1&zoom=1&source=gbs_api,http://books.google.com/books/content?id=BkZCxgEACAAJ&printsec=frontcover&img=1&zoom=5&source=gbs_api,1
Swapna Reddy AND Bimmy Talib,Ballet Bunnies The New Class,Reading Challenge,1,9780593304938,Ballet Bunnies #1: The New Class,Swapna Reddy,National Geographic Books,2021,en,http://books.google.com/books/content?id=bjCOEAAAQBAJ&printsec=frontcover&img=1&zoom=1&source=gbs_api,http://books.google.com/books/content?id=bjCOEAAAQBAJ&printsec=frontcover&img=1&zoom=5&source=gbs_api,1
Kate Milner,My Name Is Not Refugee,Reading Challenge,1,9781911370062,My Name Is Not Refugee,Kate Milner,Barrington Stoke Picture Books,2017,en,http://books.google.com/books/content?id=ErZlvgAACAAJ&printsec=frontcover&img=1&zoom=1&source=gbs_api,http://books.google.com/books/content?id=ErZlvgAACAAJ&printsec=frontcover&img=1&zoom=5&source=gbs_api,1
Rachel SuZanne,Rochelle Humes the MEGA Magic Teacher SWAP,Reading Challenge,1,9781787416017,The Mega Magic Teacher Shop,Rochelle Humes & Rachel Suzanne,Unknown,2020,en,http://books.google.com/books/content?id=u5WkzQEACAAJ&printsec=frontcover&img=1&zoom=1&source=gbs_api,http://books.google.com/books/content?id=u5WkzQEACAAJ&printsec=frontcover&img=1&zoom=5&source=gbs_api,1
CHITRA SOUNDAR,NIKHIL AND JAY SAVE THE DAY,Reading Challenge,1,9781913074623,Nikhil And Jay Save The Day,Chitra Soundar,Nikhil and Jay,2021,en,http://books.google.com/books/content?id=2UhzzgEACAAJ&printsec=frontcover&img=1&zoom=1&source=gbs_api,http://books.google.com/books/content?id=2UhzzgEACAAJ&printsec=frontcover&img=1&zoom=5&source=gbs_api,1
SONALI SHAH AND CHAAYA PRABHAT,THE BEST DIWALI EVER,Reading Challenge,1,9780702303302,The Best Diwali Ever (PB),Sonali Shah,Unknown,2021,en,Unknown,Unknown,1
Saadia Faruqi,YASMIN The Doctor,Reading Challenge,1,9781398248113,Yasmin The Doctor,SAADIA. FARUQI,Raintree,2023,en,http://books.google.com/books/content?id=EXCXEAAAQBAJ&printsec=frontcover&img=1&zoom=1&edge=curl&source=gbs_api,http://books.google.com/books/content?id=EXCXEAAAQBAJ&printsec=frontcover&img=1&zoom=5&edge=curl&source=gbs_api,1
Jordan Stephens and Beth Suzanna,The Missing Piece,Reading Challenge,1,9781526618139,The Missing Piece,Jordan Stephens,Bloomsbury Publishing,2022,en,http://books.google.com/books/content?id=Z6CCEAAAQBAJ&printsec=frontcover&img=1&zoom=1&edge=curl&source=gbs_api,http://books.google.com/books/content?id=Z6CCEAAAQBAJ&printsec=frontcover&img=1&zoom=5&edge=curl&source=gbs_api,1
Dawn Coulter-Cruttenden,Bear Shaped,Reading Challenge,1,9780192772114,Bear Shaped,Dawn Coulter-Cruttenden,Unknown,2020,en,http://books.google.com/books/content?id=mDSvxwEACAAJ&printsec=frontcover&img=1&zoom=1&source=gbs_api,http://books.google.com/books/content?id=mDSvxwEACAAJ&printsec=frontcover&img=1&zoom=5&source=gbs_api,1
Tom Percival,Milo's Monster,Reading Challenge,1,9781526613028,Milo's Monster - A Big Bright Feelings Book,Tom Percival,Bloomsbury Publishing,2022,en,http://books.google.com/books/content?id=3pZ8EAAAQBAJ&printsec=frontcover&img=1&zoom=1&edge=curl&source=gbs_api,http://books.google.com/books/content?id=3pZ8EAAAQBAJ&printsec=frontcover&img=1&zoom=5&edge=curl&source=gbs_api,1
Kate Milner,It's a No Money Day,Reading Challenge,1,9781781128817,It's A No-Money Day,Kate Milner,Unknown,2019,en,http://books.google.com/books/content?id=JotoxwEACAAJ&printsec=frontcover&img=1&zoom=1&source=gbs_api,http://books.google.com/books/content?id=JotoxwEACAAJ&printsec=frontcover&img=1&zoom=5&source=gbs_api,1
Nadia Shireen,Billy and the Beast,Reading Challenge,1,9781780080680,Billy And The Beast,Nadia Shireen,National Geographic Books,2018,en,http://books.google.com/books/content?id=ItuQEAAAQBAJ&printsec=frontcover&img=1&zoom=1&source=gbs_api,http://books.google.com/books/content?id=ItuQEAAAQBAJ&printsec=frontcover&img=1&zoom=5&source=gbs_api,1
Lou John and Jenny Bloomfield,The Worry Jar,Reading Challenge,1,9780192782748,The Worry Jar,Lou John,Unknown,2023,en,http://books.google.com/books/content?id=qk1WzwEACAAJ&printsec=frontcover&img=1&zoom=1&source=gbs_api,http://books.google.com/books/content?id=qk1WzwEACAAJ&printsec=frontcover&img=1&zoom=5&source=gbs_api,1
Jane Porter,The Girl Who Noticed Everything,Reading Challenge,1,9781406398144,The Girl Who Noticed Everything,Jane Porter,Unknown,2022,en,http://books.google.com/books/content?id=kSz5zgEACAAJ&printsec=frontcover&img=1&zoom=1&source=gbs_api,http://books.google.com/books/content?id=kSz5zgEACAAJ&printsec=frontcover&img=1&zoom=5&source=gbs_api,1
Rob Kearney and Eric Rosswood,Strong,Reading Challenge,1,9780316292900,Strong,Rob Kearney & Eric Rosswood,Unknown,2022,en,http://books.google.com/books/content?id=X9tkzgEACAAJ&printsec=frontcover&img=1&zoom=1&source=gbs_api,http://books.google.com/books/content?id=X9tkzgEACAAJ&printsec=frontcover&img=1&zoom=5&source=gbs_api,1
Pamela Butchart,Jeremy worried about the wind,Reading Challenge,1,9781788007757,Jeremy Worried About The Wind,Pamela Butchart,Unknown,2020,en,http://books.google.com/books/content?id=naa-zQEACAAJ&printsec=frontcover&img=1&zoom=1&source=gbs_api,http://books.google.com/books/content?id=naa-zQEACAAJ&printsec=frontcover&img=1&zoom=5&source=gbs_api,1
Arree Chung,MIXED,Reading Challenge,1,9781509871346,Mixed - An Inspiring Story About Colour,Arree Chung,MacMillan Children's Books,2018,en,http://books.google.com/books/content?id=hXCEtAEACAAJ&printsec=frontcover&img=1&zoom=1&source=gbs_api,http://books.google.com/books/content?id=hXCEtAEACAAJ&printsec=frontcover&img=1&zoom=5&source=gbs_api,1
Lucy Rowland,Wanda's words got stuck,Reading Challenge,1,9781788006811,Wanda's Words Got Stuck,Lucy Rowland,Unknown,2020,en,http://books.google.com/books/content?id=0aKyzQEACAAJ&printsec=frontcover&img=1&zoom=1&source=gbs_api,http://books.google.com/books/content?id=0aKyzQEACAAJ&printsec=frontcover&img=1&zoom=5&source=gbs_api,1
Joseph Coelho,My Beautiful Voice,Reading Challenge,1,9780711248304,My Beautiful Voice,Joseph Coelho,Unknown,2021,en,http://books.google.com/books/content?id=opM2EAAAQBAJ&printsec=frontcover&img=1&zoom=1&edge=curl&source=gbs_api,http://books.google.com/books/content?id=opM2EAAAQBAJ&printsec=frontcover&img=1&zoom=5&edge=curl&source=gbs_api,1
Nathan Bryon,Clean Up!,Reading Challenge,1,9780241345894,Clean Up!,Nathan Bryon,Puffin,2020,en,http://books.google.com/books/content?id=IBScygEACAAJ&printsec=frontcover&img=1&zoom=1&source=gbs_api,http://books.google.com/books/content?id=IBScygEACAAJ&printsec=frontcover&img=1&zoom=5&source=gbs_api,1
John Robert Allman,Boys Dance,Reading Challenge,1,9780593181157,Boys Dance! (American Ballet Theatre),John Robert Allman,National Geographic Books,2020,en,http://books.google.com/books/content?id=dyKOEAAAQBAJ&printsec=frontcover&img=1&zoom=1&source=gbs_api,http://books.google.com/books/content?id=dyKOEAAAQBAJ&printsec=frontcover&img=1&zoom=5&source=gbs_api,1
Steve Antony,Amazing,Reading Challenge,1,9781444944709,Amazing,Steve Antony,Hachette Children's,2020,en,http://books.google.com/books/content?id=W9PetAEACAAJ&printsec=frontcover&img=1&zoom=1&source=gbs_api,http://books.google.com/books/content?id=W9PetAEACAAJ&printsec=frontcover&img=1&zoom=5&source=gbs_api,1
Hannah Lee,The Rapping Princess,Reading Challenge,1,9780571361144,The Rapping Princess,Hannah Lee,Unknown,2021,en,http://books.google.com/books/content?id=AcMhzgEACAAJ&printsec=frontcover&img=1&zoom=1&source=gbs_api,http://books.google.com/books/content?id=AcMhzgEACAAJ&printsec=frontcover&img=1&zoom=5&source=gbs_api,1
Debbie Zapata,Up and Adam,Reading Challenge,1,9781525304415,Up And Adam,Debbie Zapata,Kids Can Press Ltd,2022,en,http://books.google.com/books/content?id=Wj9KEAAAQBAJ&printsec=frontcover&img=1&zoom=1&edge=curl&source=gbs_api,http://books.google.com/books/content?id=Wj9KEAAAQBAJ&printsec=frontcover&img=1&zoom=5&edge=curl&source=gbs_api,1
Gaia Cornwall,Jabari Jumps,Reading Challenge,1,9781406374292,Jabari Jumps,Gaia Cornwall,Unknown,2017,en,http://books.google.com/books/content?id=p50eMQAACAAJ&printsec=frontcover&img=1&zoom=1&source=gbs_api,http://books.google.com/books/content?id=p50eMQAACAAJ&printsec=frontcover&img=1&zoom=5&source=gbs_api,1
Isabelle Marinov,Leo and the Octopus,Reading Challenge,1,9781787416550,Leo And The Octopus,Isabelle Marinov,Unknown,2021,en,http://books.google.com/books/content?id=eHzazQEACAAJ&printsec=frontcover&img=1&zoom=1&source=gbs_api,http://books.google.com/books/content?id=eHzazQEACAAJ&printsec=frontcover&img=1&zoom=5&source=gbs_api,1
Fiona Barker,Setsuko and the song of the sea,Reading Challenge,1,9781910265949,Setsuko And The Song Of The Sea,Fiona Barker,Unknown,2021,en,Unknown,Unknown,1
Lupita Nyong'o,Sulwe,Reading Challenge,1,9781534425361,Sulwe,Lupita Nyong'o,Simon & Schuster Books for Young Readers,2019,en,http://books.google.com/books/content?id=xx-wDwAAQBAJ&printsec=frontcover&img=1&zoom=1&edge=curl&source=gbs_api,http://books.google.com/books/content?id=xx-wDwAAQBAJ&printsec=frontcover&img=1&zoom=5&edge=curl&source=gbs_api,1
Nathan Bryan,Look up,Reading Challenge,1,9789124199319,Unknown,Unknown,Unknown,Unknown,Unknown,Unknown,Unknown,1
Dr Shini Somara and Nadiya Sarell,CODER LIKE me,Reading Challenge,2,9781526362056,A Coder Like Me,Dr Shini Somara,Wren & Rook,2021,en,http://books.google.com/books/content?id=iCu-zQEACAAJ&printsec=frontcover&img=1&zoom=1&source=gbs_api,http://books.google.com/books/content?id=iCu-zQEACAAJ&printsec=frontcover&img=1&zoom=5&source=gbs_api,1
SARAH S. BRANNEN AND LUCIA SOTO,UNCLE BOBBY'S WEDDING,Reading Challenge,2,9781444960938,Uncle Bobby's Wedding,Sarah Brannen,Hodder Children's Books,2021,en,http://books.google.com/books/content?id=LNW9zQEACAAJ&printsec=frontcover&img=1&zoom=1&source=gbs_api,http://books.google.com/books/content?id=LNW9zQEACAAJ&printsec=frontcover&img=1&zoom=5&source=gbs_api,1
Floella Bengamin and Diane Ewen,Coming to England,Reading Challenge,2,9781529009422,Coming To England - Picture Book Edition,Floella Benjamin,Macmillan Children's Books,2021,en,http://books.google.com/books/content?id=Ep3FzQEACAAJ&printsec=frontcover&img=1&zoom=1&source=gbs_api,http://books.google.com/books/content?id=Ep3FzQEACAAJ&printsec=frontcover&img=1&zoom=5&source=gbs_api,1
Rashmi Sirdeshpande and Diane Even,NEVER Let a DIPLODOCULUS,Reading Challenge,2,9780241562512,Never Let A Diplodocus Draw,Rashmi Sirdeshpande,National Geographic Books,2022,en,http://books.google.com/books/content?id=3seMEAAAQBAJ&printsec=frontcover&img=1&zoom=1&source=gbs_api,http://books.google.com/books/content?id=3seMEAAAQBAJ&printsec=frontcover&img=1&zoom=5&source=gbs_api,1
MALALA YOUSAZAI AND KERASCOET,Malala's magic pencil,Reading Challenge,2,9780241322574,Malala's Magic Pencil,Malala Yousafzai,Puffin Books,2019,en,http://books.google.com/books/content?id=DFKlvAEACAAJ&printsec=frontcover&img=1&zoom=1&source=gbs_api,http://books.google.com/books/content?id=DFKlvAEACAAJ&printsec=frontcover&img=1&zoom=5&source=gbs_api,1
Sojung Kim -McCarthy and Polly Ho-Yen,The Boy Who Grew A Tree,Reading Challenge,2,9781913311308,BOY WHO GREW A TREE,POLLY HO-YEN,Unknown,2022,en,Unknown,Unknown,1
JAKE ALEXANDER,WE WANT OUR BOOKS,Reading Challenge,2,9781529049022,We Want Our Books - Rosa's Fight To Save The Library,Jake Alexander,Unknown,2021,en,http://books.google.com/books/content?id=nD24EAAAQBAJ&printsec=frontcover&img=1&zoom=1&source=gbs_api,http://books.google.com/books/content?id=nD24EAAAQBAJ&printsec=frontcover&img=1&zoom=5&source=gbs_api,1
DAVID KING AND RHIANNON ARCHARD,Sir Adam THE BRAVE and the Moody Monsters,Reading Challenge,2,9781844886258,Sir Adam The Brave And The Moody Monsters,David King,National Geographic Books,2022,en,http://books.google.com/books/content?id=-gqREAAAQBAJ&printsec=frontcover&img=1&zoom=1&source=gbs_api,http://books.google.com/books/content?id=-gqREAAAQBAJ&printsec=frontcover&img=1&zoom=5&source=gbs_api,1
Naomi Jones and James Jones,THE PeRFECT FIT,Reading Challenge,2,9780192774613,The Perfect Fit,Naomi Jones & James Jones,Unknown,2020,en,http://books.google.com/books/content?id=Gh0FzAEACAAJ&printsec=frontcover&img=1&zoom=1&source=gbs_api,http://books.google.com/books/content?id=Gh0FzAEACAAJ&printsec=frontcover&img=1&zoom=5&source=gbs_api,1
Richard O' Neill and CINDY Kang,The CAN CARAVAN,Reading Challenge,2,9781786286147,The Can Caravan,Richard O'Neill,Travellers Tales,2022,en,http://books.google.com/books/content?id=vVaxzgEACAAJ&printsec=frontcover&img=1&zoom=1&source=gbs_api,http://books.google.com/books/content?id=vVaxzgEACAAJ&printsec=frontcover&img=1&zoom=5&source=gbs_api,1
Joanna Ho and Dung Ho,Eyes that Kiss in the corners,Reading Challenge,2,9780062915627,Eyes That Kiss In The Corners,Joanna Ho,HarperCollins,2021,en,http://books.google.com/books/content?id=k7WAzQEACAAJ&printsec=frontcover&img=1&zoom=1&source=gbs_api,http://books.google.com/books/content?id=k7WAzQEACAAJ&printsec=frontcover&img=1&zoom=5&source=gbs_api,1
MALORIE BLACKMAN AND Matt Robertson,ELLIE and the CAT,Reading Challenge,2,9781781128244,Ellie And The Cat,Malorie Blackman,9 to 12,2019,en,http://books.google.com/books/content?id=HtWSuwEACAAJ&printsec=frontcover&img=1&zoom=1&source=gbs_api,http://books.google.com/books/content?id=HtWSuwEACAAJ&printsec=frontcover&img=1&zoom=5&source=gbs_api,1
Ibtihaj and S. K. Ali and Hatem Aly,THE KINDSET RED,Reading Challenge,2,9781839133046,The Kindest Red - A Story Of Hijab And Friendship,Ibtihaj Muhammad & S. K. Ali,Unknown,2023,en,http://books.google.com/books/content?id=CDGnzwEACAAJ&printsec=frontcover&img=1&zoom=1&source=gbs_api,http://books.google.com/books/content?id=CDGnzwEACAAJ&printsec=frontcover&img=1&zoom=5&source=gbs_api,1
Andrea Beaty and David Roberts,"ADA TWIST,SCIENTIST",Reading Challenge,2,9781419721373,"Ada Twist, Scientist",Andrea Beaty,Harry N. Abrams,2016,en,http://books.google.com/books/content?id=BxhNjwEACAAJ&printsec=frontcover&img=1&zoom=1&source=gbs_api,http://books.google.com/books/content?id=BxhNjwEACAAJ&printsec=frontcover&img=1&zoom=5&source=gbs_api,1
Kirsty APPLEBAUM AND SAHAR HAGHGOO,PRINCESS MiNNA,Reading Challenge,2,9781839949425,Princess Minna: The Wicked Wood,Kirsty Applebaum,Princess Minna,2023,en,http://books.google.com/books/content?id=8v4C0AEACAAJ&printsec=frontcover&img=1&zoom=1&source=gbs_api,http://books.google.com/books/content?id=8v4C0AEACAAJ&printsec=frontcover&img=1&zoom=5&source=gbs_api,1
Polly Ho-YEN AND Binny Talib,Two SiDES,Reading Challenge,2,9781788950626,Two Sides,Polly Ho-Yen,Colour Fiction,2019,en,http://books.google.com/books/content?id=NvtNugEACAAJ&printsec=frontcover&img=1&zoom=1&source=gbs_api,http://books.google.com/books/content?id=NvtNugEACAAJ&printsec=frontcover&img=1&zoom=5&source=gbs_api,1
Anne Booth & David Litchfield,A shelter for sadness,Reading Challenge,2,9781787417212,A Shelter For Sadness,Anne Booth,Unknown,2021,en,http://books.google.com/books/content?id=DGHZzQEACAAJ&printsec=frontcover&img=1&zoom=1&source=gbs_api,http://books.google.com/books/content?id=DGHZzQEACAAJ&printsec=frontcover&img=1&zoom=5&source=gbs_api,1
Chitra Soundar,Sona Sharma a friend indeed,Reading Challenge,2,9781529504385,"Sona Sharma, A Friend Indeed",Chitra Soundar,Sona Sharma,2022,en,http://books.google.com/books/content?id=y8EtzwEACAAJ&printsec=frontcover&img=1&zoom=1&source=gbs_api,http://books.google.com/books/content?id=y8EtzwEACAAJ&printsec=frontcover&img=1&zoom=5&source=gbs_api,1
Serena Patel,Picture Picture,Reading Challenge,2,9781800900905,Picture Perfect,Serena Patel,Unknown,2022,en,http://books.google.com/books/content?id=tbX3zgEACAAJ&printsec=frontcover&img=1&zoom=1&source=gbs_api,http://books.google.com/books/content?id=tbX3zgEACAAJ&printsec=frontcover&img=1&zoom=5&source=gbs_api,1
Siman Nuurali,Sadiq and the Ramadan gift,Reading Challenge,2,9781515872887,Sadiq And The Ramadan Gift,Siman Nuurali,Picture Window Books,2020,en,http://books.google.com/books/content?id=N9TgDwAAQBAJ&printsec=frontcover&img=1&zoom=1&edge=curl&source=gbs_api,http://books.google.com/books/content?id=N9TgDwAAQBAJ&printsec=frontcover&img=1&zoom=5&edge=curl&source=gbs_api,1
John Agard,Shona Word detective,Reading Challenge,2,9781781127865,"Shona, Word Detective",John Agard,Unknown,2018,en,http://books.google.com/books/content?id=kWQrtAEACAAJ&printsec=frontcover&img=1&zoom=1&source=gbs_api,http://books.google.com/books/content?id=kWQrtAEACAAJ&printsec=frontcover&img=1&zoom=5&source=gbs_api,1
Lola Morayo,Aziza's secret fairy door,Reading Challenge,2,9781529063851,Aziza's Secret Fairy Door 1,Lola Morayo,Macmillan Children's Books,2021,en,http://books.google.com/books/content?id=6Fj1zQEACAAJ&printsec=frontcover&img=1&zoom=1&source=gbs_api,http://books.google.com/books/content?id=6Fj1zQEACAAJ&printsec=frontcover&img=1&zoom=5&source=gbs_api,1
Joseph Coelho & Allison Colpoys,If all the world were...,Reading Challenge,2,9781786030597,If All The World Were,Joseph Coelho,Frances Lincoln Children's Books,2018,en,http://books.google.com/books/content?id=lLRrswEACAAJ&printsec=frontcover&img=1&zoom=1&source=gbs_api,http://books.google.com/books/content?id=lLRrswEACAAJ&printsec=frontcover&img=1&zoom=5&source=gbs_api,1
Leigh Hodkinson,Martha maps it out,Reading Challenge,2,9780192777782,Martha Maps It Out,Leigh Hodgkinson,Unknown,2022,en,http://books.google.com/books/content?id=y0WQzgEACAAJ&printsec=frontcover&img=1&zoom=1&source=gbs_api,http://books.google.com/books/content?id=y0WQzgEACAAJ&printsec=frontcover&img=1&zoom=5&source=gbs_api,1
Siman Nurrali,Sadiq and the community garden,Reading Challenge,2,9781666330786,Sadiq And The Community Garden,Siman Nuurali,Capstone,2022,en,http://books.google.com/books/content?id=FwBOEAAAQBAJ&printsec=frontcover&img=1&zoom=1&edge=curl&source=gbs_api,http://books.google.com/books/content?id=FwBOEAAAQBAJ&printsec=frontcover&img=1&zoom=5&edge=curl&source=gbs_api,1
Zanib Mian,Planet Omar unexpected super spy,Reading Challenge,2,9781444951271,Planet Omar: Untitled Zanib Mian 2,Zanib Mian,Hodder Children's Books,2020,en,http://books.google.com/books/content?id=c-frwQEACAAJ&printsec=frontcover&img=1&zoom=1&source=gbs_api,http://books.google.com/books/content?id=c-frwQEACAAJ&printsec=frontcover&img=1&zoom=5&source=gbs_api,1
Alex Falase-Koya,Suit up. Step up. It's time to become a hero Marv and the pool of peril,Reading Challenge,2,9780192780461,Marv And The Pool Of Peril,Alex Falase-Koya,Oxford Children's,2022,en,http://books.google.com/books/content?id=GajvzgEACAAJ&printsec=frontcover&img=1&zoom=1&source=gbs_api,http://books.google.com/books/content?id=GajvzgEACAAJ&printsec=frontcover&img=1&zoom=5&source=gbs_api,1
Ibtihaj Muhammad with S.kAli,The proudest blue,Reading Challenge,2,9781783449729,The Proudest Blue,Ibtihaj Muhammad & Hatem Aly,Unknown,2020,en,http://books.google.com/books/content?id=s49rzQEACAAJ&printsec=frontcover&img=1&zoom=1&source=gbs_api,http://books.google.com/books/content?id=s49rzQEACAAJ&printsec=frontcover&img=1&zoom=5&source=gbs_api,1
Shinsuke Yoshitake,Can I build another me,Reading Challenge,2,9780500650783,Can I Build Another Me?,Shinsuke Yoshitake,Unknown,2016,en,http://books.google.com/books/content?id=i47DjgEACAAJ&printsec=frontcover&img=1&zoom=1&source=gbs_api,http://books.google.com/books/content?id=i47DjgEACAAJ&printsec=frontcover&img=1&zoom=5&source=gbs_api,1
Edith Blyton,The Enchanted Wood,Reading Challenge,2,9781405272193,The Enchanted Wood,Enid Blyton,Egmont Books Limited,2014,en,http://books.google.com/books/content?id=2x8enwEACAAJ&printsec=frontcover&img=1&zoom=1&source=gbs_api,http://books.google.com/books/content?id=2x8enwEACAAJ&printsec=frontcover&img=1&zoom=5&source=gbs_api,1
Helaine Becker,Counting on Katherine,Reading Challenge,2,9781250137524,Counting On Katherine: How Katherine Johnson Saved Apollo 13,Helaine Becker,Henry Holt Books For Young Readers,2018,en,http://books.google.com/books/content?id=4HdQDwAAQBAJ&printsec=frontcover&img=1&zoom=1&source=gbs_api,http://books.google.com/books/content?id=4HdQDwAAQBAJ&printsec=frontcover&img=1&zoom=5&source=gbs_api,1
Roald Dahl,Georges Marvellous Medicine,Reading Challenge,2,9780141365503,George's Marvellous Medicine,Roald Dahl,Puffin,2016,en,http://books.google.com/books/content?id=5tOGjgEACAAJ&printsec=frontcover&img=1&zoom=1&source=gbs_api,http://books.google.com/books/content?id=5tOGjgEACAAJ&printsec=frontcover&img=1&zoom=5&source=gbs_api,1
Karen Owen,Major and Mynah,Reading Challenge,3,9781913102746,Major And Mynah,Karen Owen,Major and Mynah,2022,en,http://books.google.com/books/content?id=VOTjzgEACAAJ&printsec=frontcover&img=1&zoom=1&source=gbs_api,http://books.google.com/books/content?id=VOTjzgEACAAJ&printsec=frontcover&img=1&zoom=5&source=gbs_api,1
A.M Dassu,The new kid,Reading Challenge,3,9780008479060,The New Kid - Band 12/Copper,A. M. Dassu & Tanya Landman,Collins,2022,en,http://books.google.com/books/content?id=WKQ9zgEACAAJ&printsec=frontcover&img=1&zoom=1&source=gbs_api,http://books.google.com/books/content?id=WKQ9zgEACAAJ&printsec=frontcover&img=1&zoom=5&source=gbs_api,1
Maz Evans,The exploding life of Scarlett Fife,Reading Challenge,3,9781444957679,The Exploding Life Of Scarlett Fife - Book 1,Maz Evans,Hodder Children's Books,2021,en,http://books.google.com/books/content?id=KCryzQEACAAJ&printsec=frontcover&img=1&zoom=1&source=gbs_api,http://books.google.com/books/content?id=KCryzQEACAAJ&printsec=frontcover&img=1&zoom=5&source=gbs_api,1
M.Chan,Tiger Warrior,Reading Challenge,3,9781408363089,Tiger Warrior: Attack Of The Dragon King - Book 1,M.Chan,Orchard Books,2021,en,http://books.google.com/books/content?id=JgwHzgEACAAJ&printsec=frontcover&img=1&zoom=1&source=gbs_api,http://books.google.com/books/content?id=JgwHzgEACAAJ&printsec=frontcover&img=1&zoom=5&source=gbs_api,1
Nicola Davies,Ariki and the giant shark,Reading Challenge,3,9781406369793,Ariki And The Giant Shark,Nicola Davies,Ariki,2018,en,http://books.google.com/books/content?id=poSntAEACAAJ&printsec=frontcover&img=1&zoom=1&source=gbs_api,http://books.google.com/books/content?id=poSntAEACAAJ&printsec=frontcover&img=1&zoom=5&source=gbs_api,1
Jenny Mclachlan,Stink worst.fairy.ever,Reading Challenge,3,9780008524272,Stink: Fairy Vs Boy - A Stink Adventure,Jenny McLachlan,Unknown,2023,en,http://books.google.com/books/content?id=xQ9gzwEACAAJ&printsec=frontcover&img=1&zoom=1&source=gbs_api,http://books.google.com/books/content?id=xQ9gzwEACAAJ&printsec=frontcover&img=1&zoom=5&source=gbs_api,1
Dan Abo and Jason Patterson,Barb the brave,Reading Challenge,3,9781398512702,Barb The Brave,Dan Abdo & Jason Patterson,Simon & Schuster Children's,2022,en,http://books.google.com/books/content?id=hEKOzgEACAAJ&printsec=frontcover&img=1&zoom=1&source=gbs_api,http://books.google.com/books/content?id=hEKOzgEACAAJ&printsec=frontcover&img=1&zoom=5&source=gbs_api,1
Malorie Blackman,Grandpa Bert and the ghost snatchers,Reading Challenge,3,9781781128305,Grandpa Bert And The Ghost Snatchers,Malorie Blackman,Little Gems,2018,en,http://books.google.com/books/content?id=t_dDswEACAAJ&printsec=frontcover&img=1&zoom=1&source=gbs_api,http://books.google.com/books/content?id=t_dDswEACAAJ&printsec=frontcover&img=1&zoom=5&source=gbs_api,1
Chrissie Sains,The treasure under the jam factory,Reading Challenge,3,9781406396140,The Treasure Under The Jam Factory,Chrissie Sains,An Alien in the Jam Factory,2022,en,http://books.google.com/books/content?id=bb-7zgEACAAJ&printsec=frontcover&img=1&zoom=1&source=gbs_api,http://books.google.com/books/content?id=bb-7zgEACAAJ&printsec=frontcover&img=1&zoom=5&source=gbs_api,1
Candy Gourlay,Mike falls up,Reading Challenge,3,9781788951654,Mike Falls Up,Candy Gourlay,Colour Fiction,2022,en,http://books.google.com/books/content?id=a8KRzgEACAAJ&printsec=frontcover&img=1&zoom=1&source=gbs_api,http://books.google.com/books/content?id=a8KRzgEACAAJ&printsec=frontcover&img=1&zoom=5&source=gbs_api,1
Serena Patel,Anisha accidental detective school's cancelled,Reading Challenge,3,9781474959537,School's Cancelled,Serena Patel,Unknown,2020,en,http://books.google.com/books/content?id=qiNKzQEACAAJ&printsec=frontcover&img=1&zoom=1&source=gbs_api,http://books.google.com/books/content?id=qiNKzQEACAAJ&printsec=frontcover&img=1&zoom=5&source=gbs_api,1
Vashti Hardy,Harley hitch and the Iron Forest,Reading Challenge,3,9780702302558,Harley Hitch And The Iron Forest,Vashti Hardy,Harley Hitch,2021,en,http://books.google.com/books/content?id=ZcoLzgEACAAJ&printsec=frontcover&img=1&zoom=1&source=gbs_api,http://books.google.com/books/content?id=ZcoLzgEACAAJ&printsec=frontcover&img=1&zoom=5&source=gbs_api,1
Joyce Dunbar,The boy in the jam jar,Reading Challenge,3,9781472973931,The Boy In The Jam Jar: A Bloomsbury Reader,Joyce Dunbar,Bloomsbury Children's Books,2020,en,http://books.google.com/books/content?id=IEvrDwAAQBAJ&printsec=frontcover&img=1&zoom=1&edge=curl&source=gbs_api,http://books.google.com/books/content?id=IEvrDwAAQBAJ&printsec=frontcover&img=1&zoom=5&edge=curl&source=gbs_api,1
Lee Newbery,The last firefox,Reading Challenge,3,9780241493533,The Last Firefox,Lee Newbery,Puffin,2022,en,http://books.google.com/books/content?id=g7dozgEACAAJ&printsec=frontcover&img=1&zoom=1&source=gbs_api,http://books.google.com/books/content?id=g7dozgEACAAJ&printsec=frontcover&img=1&zoom=5&source=gbs_api,1
Konnie Huq,Cookie the most annoying boy in the world,Reading Challenge,3,9781848128828,Cookie! (Book 1): Cookie And The Most Annoying Boy In The World,Konnie Huq,Templar publishing,2019,en,http://books.google.com/books/content?id=JmOaxgEACAAJ&printsec=frontcover&img=1&zoom=1&source=gbs_api,http://books.google.com/books/content?id=JmOaxgEACAAJ&printsec=frontcover&img=1&zoom=5&source=gbs_api,1
Lucy Brandt,Leonora bolt secret inventor,Reading Challenge,3,9780241436769,Leonora Bolt: Secret Inventor,Lucy Brandt,Puffin Books,2021,en,http://books.google.com/books/content?id=Vfa1zQEACAAJ&printsec=frontcover&img=1&zoom=1&source=gbs_api,http://books.google.com/books/content?id=Vfa1zQEACAAJ&printsec=frontcover&img=1&zoom=5&source=gbs_api,1
Venessa Taylor,Baller boys,Reading Challenge,3,9781916286405,Baller Boys,Venessa Taylor,Unknown,2020,en,http://books.google.com/books/content?id=97V4zQEACAAJ&printsec=frontcover&img=1&zoom=1&source=gbs_api,http://books.google.com/books/content?id=97V4zQEACAAJ&printsec=frontcover&img=1&zoom=5&source=gbs_api,1
Alex Falase-Koya,Marcus Rashford THE BREAKFAST CLUB ADVENTURES,Reading Challenge,3,9781529076622,The Breakfast Club Adventures - The Beast Beyond The Fence,Marcus Rashford,Macmillan Children's Books,2022,en,http://books.google.com/books/content?id=b53YzgEACAAJ&printsec=frontcover&img=1&zoom=1&source=gbs_api,http://books.google.com/books/content?id=b53YzgEACAAJ&printsec=frontcover&img=1&zoom=5&source=gbs_api,1
Atinuke,Too small Tolo gets tough,Reading Challenge,3,9781406398793,Too Small Tola Gets Tough,Atinuke,Too Small Tola,2022,en,http://books.google.com/books/content?id=62rEzgEACAAJ&printsec=frontcover&img=1&zoom=1&source=gbs_api,http://books.google.com/books/content?id=62rEzgEACAAJ&printsec=frontcover&img=1&zoom=5&source=gbs_api,1
Simon Philip,Fred wizard in training,Reading Challenge,3,9781471190957,Fred: Wizard In Training,Simon Philip,Fred: Wizard in Training,2019,en,http://books.google.com/books/content?id=vEP_xwEACAAJ&printsec=frontcover&img=1&zoom=1&source=gbs_api,http://books.google.com/books/content?id=vEP_xwEACAAJ&printsec=frontcover&img=1&zoom=5&source=gbs_api,1
Katie  and Kevin Tsang,Sam Wu is not afraid of ghosts,Reading Challenge,3,9781405287517,Sam Wu Is Not Afraid Of Ghosts,Katie Tsang & Kevin Tsang,Unknown,2018,en,http://books.google.com/books/content?id=_uqsswEACAAJ&printsec=frontcover&img=1&zoom=1&source=gbs_api,http://books.google.com/books/content?id=_uqsswEACAAJ&printsec=frontcover&img=1&zoom=5&source=gbs_api,1
Mark Powers,Space detective,Reading Challenge,3,9781526603180,Space Detectives,Mark Powers,Bloomsbury Children's Books,2021,en,http://books.google.com/books/content?id=1tAuvQEACAAJ&printsec=frontcover&img=1&zoom=1&source=gbs_api,http://books.google.com/books/content?id=1tAuvQEACAAJ&printsec=frontcover&img=1&zoom=5&source=gbs_api,1
Serena Holly,The marvellous granny Jinks and me,Reading Challenge,3,9781398503038,The Marvellous Granny Jinks And Me,Serena Holly,Simon & Schuster Children's,2022,en,http://books.google.com/books/content?id=cvV_zgEACAAJ&printsec=frontcover&img=1&zoom=1&source=gbs_api,http://books.google.com/books/content?id=cvV_zgEACAAJ&printsec=frontcover&img=1&zoom=5&source=gbs_api,1
Joseph Coelhe,Our tower,Reading Challenge,3,9780711268821,Our Tower,Joseph Coelho,Unknown,2022,en,http://books.google.com/books/content?id=OXxzEAAAQBAJ&printsec=frontcover&img=1&zoom=1&edge=curl&source=gbs_api,http://books.google.com/books/content?id=OXxzEAAAQBAJ&printsec=frontcover&img=1&zoom=5&edge=curl&source=gbs_api,1
Zana Fraillon,Wisp,Reading Challenge,3,9781408350102,Wisp - A Story Of Hope,Zana Fraillon,Orchard Books,2018,en,http://books.google.com/books/content?id=DPaPtAEACAAJ&printsec=frontcover&img=1&zoom=1&source=gbs_api,http://books.google.com/books/content?id=DPaPtAEACAAJ&printsec=frontcover&img=1&zoom=5&source=gbs_api,1
Ian Eagleton,Nen and the lonely fisherman,Reading Challenge,3,9781913339098,Nen And The Lonely Fisherman,Ian Eagleton,Unknown,2021,en,Unknown,Unknown,1
Ayisha Malik,Seven sisters,Reading Challenge,3,9781788952095,Seven Sisters,Ayisha Malik,Unknown,2021,en,http://books.google.com/books/content?id=uuguzgEACAAJ&printsec=frontcover&img=1&zoom=1&source=gbs_api,http://books.google.com/books/content?id=uuguzgEACAAJ&printsec=frontcover&img=1&zoom=5&source=gbs_api,1
Benjamin Zephaniah,We sang across the sea the empire windrush and me,Reading Challenge,3,9780702311161,We Sang Across The Sea: The Empire Windrush And Me,Benjamin Zephaniah,Unknown,2022,en,http://books.google.com/books/content?id=nIa3zgEACAAJ&printsec=frontcover&img=1&zoom=1&source=gbs_api,http://books.google.com/books/content?id=nIa3zgEACAAJ&printsec=frontcover&img=1&zoom=5&source=gbs_api,1
Patrice Lawrence,Granny Ting Ting,Reading Challenge,3,9781472967718,Granny Ting Ting: A Bloomsbury Reader - Brown Book Band,Patrice Lawrence,Bloomsbury Publishing,2020,en,http://books.google.com/books/content?id=568yEAAAQBAJ&printsec=frontcover&img=1&zoom=1&edge=curl&source=gbs_api,http://books.google.com/books/content?id=568yEAAAQBAJ&printsec=frontcover&img=1&zoom=5&edge=curl&source=gbs_api,1
Samantha Baines,Harriet Versus the Galaxy,Reading Challenge,3,9781913311018,Harriet Versus The Galaxy,Samantha Baines,Unknown,2020,en,http://books.google.com/books/content?id=v5OZzQEACAAJ&printsec=frontcover&img=1&zoom=1&source=gbs_api,http://books.google.com/books/content?id=v5OZzQEACAAJ&printsec=frontcover&img=1&zoom=5&source=gbs_api,1
Andy Shepherd,The boy who grew dragons,Reading Challenge,3,9781848126497,The Boy Who Grew Dragons,Andy Shepherd,Unknown,2018,en,http://books.google.com/books/content?id=WEtJtAEACAAJ&printsec=frontcover&img=1&zoom=1&source=gbs_api,http://books.google.com/books/content?id=WEtJtAEACAAJ&printsec=frontcover&img=1&zoom=5&source=gbs_api,1
Robin Boyden,Georgia and the edge of the world,Reading Challenge,4,9781788451796,Georgia And The Edge Of The World,Robin Boyden,Unknown,2021,en,http://books.google.com/books/content?id=I-oHzgEACAAJ&printsec=frontcover&img=1&zoom=1&source=gbs_api,http://books.google.com/books/content?id=I-oHzgEACAAJ&printsec=frontcover&img=1&zoom=5&source=gbs_api,1
Annabelle Sami,Llama on a mission,Reading Challenge,4,9781405297554,Llama On A Mission,Annabelle Sami,Unknown,2021,en,http://books.google.com/books/content?id=2QnbzQEACAAJ&printsec=frontcover&img=1&zoom=1&source=gbs_api,http://books.google.com/books/content?id=2QnbzQEACAAJ&printsec=frontcover&img=1&zoom=5&source=gbs_api,1
Ellie Clements,The wondrous prune,Reading Challenge,4,9781526638328,The Wondrous Prune,Ellie Clements,Bloomsbury Publishing,2022,en,http://books.google.com/books/content?id=e0pvEAAAQBAJ&printsec=frontcover&img=1&zoom=1&edge=curl&source=gbs_api,http://books.google.com/books/content?id=e0pvEAAAQBAJ&printsec=frontcover&img=1&zoom=5&edge=curl&source=gbs_api,1
Sibeal Pounder,Bad mermaids,Reading Challenge,4,9781408877128,Bad Mermaids,Sibéal Pounder,Bloomsbury Publishing,2017,en,http://books.google.com/books/content?id=GagyEAAAQBAJ&printsec=frontcover&img=1&zoom=1&edge=curl&source=gbs_api,http://books.google.com/books/content?id=GagyEAAAQBAJ&printsec=frontcover&img=1&zoom=5&edge=curl&source=gbs_api,1
Kate Foster,Paws,Reading Challenge,4,9781760652661,Paws,Kate Foster,Unknown,2021,en,http://books.google.com/books/content?id=LRL1zQEACAAJ&printsec=frontcover&img=1&zoom=1&source=gbs_api,http://books.google.com/books/content?id=LRL1zQEACAAJ&printsec=frontcover&img=1&zoom=5&source=gbs_api,1
Lucy Noguera,Swop The Satsuma -sized secret,Reading Challenge,4,9781914577000,Swop The Satsuma-Sized Secret,Lucy Noguera,Swop,2021,en,http://books.google.com/books/content?id=MiuYzgEACAAJ&printsec=frontcover&img=1&zoom=1&source=gbs_api,http://books.google.com/books/content?id=MiuYzgEACAAJ&printsec=frontcover&img=1&zoom=5&source=gbs_api,1
Priscilla Mante,Jaz Santos vs the world,Reading Challenge,4,9780241482001,The Dream Team: Jaz Santos Vs. The World,Priscilla Mante,National Geographic Books,2021,en,http://books.google.com/books/content?id=VMWMEAAAQBAJ&printsec=frontcover&img=1&zoom=1&source=gbs_api,http://books.google.com/books/content?id=VMWMEAAAQBAJ&printsec=frontcover&img=1&zoom=5&source=gbs_api,1
Gabrielle kent,Knights and bikes,Reading Challenge,4,9781999642501,Knights And Bikes,Gabrielle Kent,Unknown,2018,en,Unknown,Unknown,1
Jason Reynolds,Stuntboy in the meantime,Reading Challenge,4,9781913311247,"Stuntboy, In The Meantime",Jason Reynolds,Unknown,2021,en,Unknown,Unknown,1
Nizrana Farook,The girl who stole an Elephant,Reading Challenge,4,9781788006347,The Girl Who Stole An Elephant,Nizrana Farook,Unknown,2020,en,http://books.google.com/books/content?id=88oYzAEACAAJ&printsec=frontcover&img=1&zoom=1&source=gbs_api,http://books.google.com/books/content?id=88oYzAEACAAJ&printsec=frontcover&img=1&zoom=5&source=gbs_api,1
Jasbinder Bilan,Asha and the spirit bird,Reading Challenge,4,9781911490197,Asha & The Spirit Bird,Jasbinder Bilan,Unknown,2019,en,http://books.google.com/books/content?id=UkTNuQEACAAJ&printsec=frontcover&img=1&zoom=1&source=gbs_api,http://books.google.com/books/content?id=UkTNuQEACAAJ&printsec=frontcover&img=1&zoom=5&source=gbs_api,1
Alesha Dixon,Lighting girl,Reading Challenge,4,9781407180847,Lightning Girl,Alesha Dixon,Unknown,2018,en,http://books.google.com/books/content?id=d8SutAEACAAJ&printsec=frontcover&img=1&zoom=1&source=gbs_api,http://books.google.com/books/content?id=d8SutAEACAAJ&printsec=frontcover&img=1&zoom=5&source=gbs_api,1
Sue Cheung,Maddy yips guide to life,Reading Challenge,4,9781839130496,Maddy Yip S Guide To Life,Sue Cheung,Maddy Yip,2021,en,http://books.google.com/books/content?id=bhFUzgEACAAJ&printsec=frontcover&img=1&zoom=1&source=gbs_api,http://books.google.com/books/content?id=bhFUzgEACAAJ&printsec=frontcover&img=1&zoom=5&source=gbs_api,1
G.R . Gemin,Sweet pizza,Reading Challenge,4,9780857636300,Sweet Pizza,Giancarlo Gemin,Nosy Crow Limited,2016,en,http://books.google.com/books/content?id=BQ2KjwEACAAJ&printsec=frontcover&img=1&zoom=1&source=gbs_api,http://books.google.com/books/content?id=BQ2KjwEACAAJ&printsec=frontcover&img=1&zoom=5&source=gbs_api,1
Ashley Banjo,Fly high crew,Reading Challenge,4,9780702306440,Fly High Crew - The Green Glow,Ashley Banjo & Jordan Banjo,Unknown,2021,en,http://books.google.com/books/content?id=0ovgzQEACAAJ&printsec=frontcover&img=1&zoom=1&source=gbs_api,http://books.google.com/books/content?id=0ovgzQEACAAJ&printsec=frontcover&img=1&zoom=5&source=gbs_api,1
Richard O'neill,A Different Kind of Freedom: A Romani Story,Reading Challenge,4,9781407199580,A Different Kind Of Freedom: A Romani Story (Voices #7),Richard O'Neill,Voices,2023,en,http://books.google.com/books/content?id=Ni0PzwEACAAJ&printsec=frontcover&img=1&zoom=1&source=gbs_api,http://books.google.com/books/content?id=Ni0PzwEACAAJ&printsec=frontcover&img=1&zoom=5&source=gbs_api,1
Jenny Mclachlan,Dead good detectives,Reading Challenge,4,9781405298155,Dead Good Detectives,Jenny McLachlan,Unknown,2022,en,http://books.google.com/books/content?id=hAVlzgEACAAJ&printsec=frontcover&img=1&zoom=1&source=gbs_api,http://books.google.com/books/content?id=hAVlzgEACAAJ&printsec=frontcover&img=1&zoom=5&source=gbs_api,1
Rob Biddulph,Peanut Jones,Reading Challenge,4,9781529040524,Peanut Jones And The Illustrated City,Rob Biddulph,Macmillan Children's Books,2021,en,http://books.google.com/books/content?id=qm3bzQEACAAJ&printsec=frontcover&img=1&zoom=1&source=gbs_api,http://books.google.com/books/content?id=qm3bzQEACAAJ&printsec=frontcover&img=1&zoom=5&source=gbs_api,1
Kereen Getten,Ada rue and the banished,Reading Challenge,4,9781801991292,Ada Rue And The Banished: A Bloomsbury Reader - Dark Red Book Band,Kereen Getten,Bloomsbury Publishing,2023,en,http://books.google.com/books/content?id=m9OlEAAAQBAJ&printsec=frontcover&img=1&zoom=1&edge=curl&source=gbs_api,http://books.google.com/books/content?id=m9OlEAAAQBAJ&printsec=frontcover&img=1&zoom=5&edge=curl&source=gbs_api,1
Maisie Chan,Keep dancing Lizzie Chu,Reading Challenge,4,9781800781610,"Keep Dancing, Lizzie Chu",Maisie Chan,Unknown,2022,en,http://books.google.com/books/content?id=xqXuzgEACAAJ&printsec=frontcover&img=1&zoom=1&source=gbs_api,http://books.google.com/books/content?id=xqXuzgEACAAJ&printsec=frontcover&img=1&zoom=5&source=gbs_api,1
Radiya Hafiza,Rumaysa ever after,Reading Challenge,4,9781529091311,Rumaysa: Ever After,Radiya Hafiza,Macmillan Children's Books,2022,en,http://books.google.com/books/content?id=9ju4EAAAQBAJ&printsec=frontcover&img=1&zoom=1&source=gbs_api,http://books.google.com/books/content?id=9ju4EAAAQBAJ&printsec=frontcover&img=1&zoom=5&source=gbs_api,1
Cece Bell Bell,El Deafo,Reading Challenge,4,9781419712173,El Deafo,Cece Bell,Harry N. Abrams,2014,en,http://books.google.com/books/content?id=BPjsngEACAAJ&printsec=frontcover&img=1&zoom=1&source=gbs_api,http://books.google.com/books/content?id=BPjsngEACAAJ&printsec=frontcover&img=1&zoom=5&source=gbs_api,1
Ross Montgomery,Max and the million,Reading Challenge,4,9780571333486,Max And The Millions,Ross Montgomery,Unknown,2018,en,http://books.google.com/books/content?id=UJHotAEACAAJ&printsec=frontcover&img=1&zoom=1&source=gbs_api,http://books.google.com/books/content?id=UJHotAEACAAJ&printsec=frontcover&img=1&zoom=5&source=gbs_api,1
Lenny Henry,The boy with wings,Reading Challenge,4,9781529082562,The Boy With Wings,Sir Lenny Henry,Macmillan Children's Books,2021,en,http://books.google.com/books/content?id=1j2LzgEACAAJ&printsec=frontcover&img=1&zoom=1&source=gbs_api,http://books.google.com/books/content?id=1j2LzgEACAAJ&printsec=frontcover&img=1&zoom=5&source=gbs_api,1
Onjali Q. Rauf,The food great bank heist,Reading Challenge,4,9781781129623,The Great (Food) Bank Heist,Onjali Q. Raúf,Unknown,2021,en,http://books.google.com/books/content?id=CKQ1zgEACAAJ&printsec=frontcover&img=1&zoom=1&source=gbs_api,http://books.google.com/books/content?id=CKQ1zgEACAAJ&printsec=frontcover&img=1&zoom=5&source=gbs_api,1
Sufiya Ahmed,Ruby Ali's Mission break up,Reading Challenge,4,9781472993175,Ruby Ali's Mission Break Up: A Bloomsbury Reader - Dark Red Book Band,Sufiya Ahmed,Bloomsbury Publishing,2021,en,http://books.google.com/books/content?id=4W85EAAAQBAJ&printsec=frontcover&img=1&zoom=1&edge=curl&source=gbs_api,http://books.google.com/books/content?id=4W85EAAAQBAJ&printsec=frontcover&img=1&zoom=5&edge=curl&source=gbs_api,1
Joseph Coelho,Zombierella,Reading Challenge,4,9781406389661,Zombierella,Joseph Coelho,Fairy Tales Gone Bad,2020,en,http://books.google.com/books/content?id=9YvAzQEACAAJ&printsec=frontcover&img=1&zoom=1&source=gbs_api,http://books.google.com/books/content?id=9YvAzQEACAAJ&printsec=frontcover&img=1&zoom=5&source=gbs_api,1
Camilla Chester,Call me lion,Reading Challenge,4,9781913102890,Call Me Lion,Camilla Chester,Unknown,2022,en,http://books.google.com/books/content?id=Qib2zgEACAAJ&printsec=frontcover&img=1&zoom=1&source=gbs_api,http://books.google.com/books/content?id=Qib2zgEACAAJ&printsec=frontcover&img=1&zoom=5&source=gbs_api,1
JK Rowling,Harry Potter and the Philosophers stone,Reading Challenge,4,9780747532743,Unknown,Unknown,Unknown,Unknown,Unknown,Unknown,Unknown,1
Kelly Yang,Front Desk,Reading Challenge,5,9781913311094,Front Desk,Kelly Yang,Front Desk,2021,en,http://books.google.com/books/content?id=B6TzzQEACAAJ&printsec=frontcover&img=1&zoom=1&source=gbs_api,http://books.google.com/books/content?id=B6TzzQEACAAJ&printsec=frontcover&img=1&zoom=5&source=gbs_api,1
Stewart Foster,Can you Feel the Noise,Reading Challenge,5,9781471191275,Can You Feel The Noise?,Stewart Foster,Unknown,2022,en,http://books.google.com/books/content?id=3CyKzwEACAAJ&printsec=frontcover&img=1&zoom=1&source=gbs_api,http://books.google.com/books/content?id=3CyKzwEACAAJ&printsec=frontcover&img=1&zoom=5&source=gbs_api,1
Sharna Jackson,The Good Turn,Reading Challenge,5,9780241523599,The Good Turn,Sharna Jackson,Puffin,2022,en,http://books.google.com/books/content?id=K-OYzgEACAAJ&printsec=frontcover&img=1&zoom=1&source=gbs_api,http://books.google.com/books/content?id=K-OYzgEACAAJ&printsec=frontcover&img=1&zoom=5&source=gbs_api,1
Aoife Dooley,Frankie's World,Reading Challenge,5,9780702307355,Frankie's World,Aoife Dooley,Unknown,2022,en,http://books.google.com/books/content?id=PoY8zgEACAAJ&printsec=frontcover&img=1&zoom=1&source=gbs_api,http://books.google.com/books/content?id=PoY8zgEACAAJ&printsec=frontcover&img=1&zoom=5&source=gbs_api,1
Kwame Mbalia,Last Gate of the Emperor,Reading Challenge,5,9781338665857,Last Gate Of The Emperor,Kwame Mbalia & Prince Joel Makonnen,Scholastic Press,2021,en,http://books.google.com/books/content?id=KXrazQEACAAJ&printsec=frontcover&img=1&zoom=1&source=gbs_api,http://books.google.com/books/content?id=KXrazQEACAAJ&printsec=frontcover&img=1&zoom=5&source=gbs_api,1
Patrice Lawrence,Diver's Daughter,Reading Challenge,5,9781407191409,Diver's Daughter,Patrice Lawrence,Unknown,2019,en,http://books.google.com/books/content?id=YjAPwQEACAAJ&printsec=frontcover&img=1&zoom=1&source=gbs_api,http://books.google.com/books/content?id=YjAPwQEACAAJ&printsec=frontcover&img=1&zoom=5&source=gbs_api,1
Nizrana Farook,The Boy who met a whale,Reading Challenge,5,9781788009430,The Boy Who Met A Whale,Nizrana Farook,Unknown,2021,en,http://books.google.com/books/content?id=Fr_bzQEACAAJ&printsec=frontcover&img=1&zoom=1&source=gbs_api,http://books.google.com/books/content?id=Fr_bzQEACAAJ&printsec=frontcover&img=1&zoom=5&source=gbs_api,1
Jen Carney,The accidental Diary of BUG,Reading Challenge,5,9780241455449,The Accidental Diary Of B.U.G,Anon & Jen Carney,Puffin,2021,en,http://books.google.com/books/content?id=jBIFzgEACAAJ&printsec=frontcover&img=1&zoom=1&source=gbs_api,http://books.google.com/books/content?id=jBIFzgEACAAJ&printsec=frontcover&img=1&zoom=5&source=gbs_api,1
Em Norry,Amber undercover,Reading Challenge,5,9780192774736,Amber Undercover,Em Norry,Unknown,2021,en,http://books.google.com/books/content?id=rWbhywEACAAJ&printsec=frontcover&img=1&zoom=1&source=gbs_api,http://books.google.com/books/content?id=rWbhywEACAAJ&printsec=frontcover&img=1&zoom=5&source=gbs_api,1
M.T.Khan,Nura and the Immortal Palace,Reading Challenge,5,9781529503494,Nura And The Immortal Palace,Maeeda Tariq Khan,Unknown,2022,en,http://books.google.com/books/content?id=kCzSzgEACAAJ&printsec=frontcover&img=1&zoom=1&source=gbs_api,http://books.google.com/books/content?id=kCzSzgEACAAJ&printsec=frontcover&img=1&zoom=5&source=gbs_api,1
Marie Basting,Princess BMX,Reading Challenge,5,9781911490944,Princess BMX,Marie Basting,Unknown,2019,en,http://books.google.com/books/content?id=90VswgEACAAJ&printsec=frontcover&img=1&zoom=1&source=gbs_api,http://books.google.com/books/content?id=90VswgEACAAJ&printsec=frontcover&img=1&zoom=5&source=gbs_api,1
Rebecca King,Ember Shadows and the Fates of Mount Never,Reading Challenge,5,9781510109957,Ember Shadows And The Fates Of Mount Never,Rebecca King,Orion Children's Books,2022,en,http://books.google.com/books/content?id=T_6LzgEACAAJ&printsec=frontcover&img=1&zoom=1&source=gbs_api,http://books.google.com/books/content?id=T_6LzgEACAAJ&printsec=frontcover&img=1&zoom=5&source=gbs_api,1
Annabelle Sam,Agent Zaiba Investigates The missing diamonds,Reading Challenge,5,9781788952064,Agent Zaiba Investigates: The Missing Diamonds,Annabelle Sami,Agent Zaiba Investigates,2020,en,http://books.google.com/books/content?id=PJ9dyAEACAAJ&printsec=frontcover&img=1&zoom=1&source=gbs_api,http://books.google.com/books/content?id=PJ9dyAEACAAJ&printsec=frontcover&img=1&zoom=5&source=gbs_api,1
Sangu Mandanna,Kiki Kallira breaks a kingdom,Reading Challenge,5,9781444963441,Kiki Kallira Breaks A Kingdom,Sangu Mandanna,Hodder Children's Books,2021,en,http://books.google.com/books/content?id=OkQszgEACAAJ&printsec=frontcover&img=1&zoom=1&source=gbs_api,http://books.google.com/books/content?id=OkQszgEACAAJ&printsec=frontcover&img=1&zoom=5&source=gbs_api,1
Sufiya Ahmed,Noor Un Nissa Inayat Khan,Reading Challenge,5,9780702300059,Noor Inayat Khan,Sufiya Ahmed,Unknown,2020,en,http://books.google.com/books/content?id=_Y86zQEACAAJ&printsec=frontcover&img=1&zoom=1&source=gbs_api,http://books.google.com/books/content?id=_Y86zQEACAAJ&printsec=frontcover&img=1&zoom=5&source=gbs_api,1
Helen Rutter,The boy who made everyone laugh,Reading Challenge,5,9780702300851,The Boy Who Made Everyone Laugh,Helen Rutter,Unknown,2021,en,http://books.google.com/books/content?id=4So2ygEACAAJ&printsec=frontcover&img=1&zoom=1&source=gbs_api,http://books.google.com/books/content?id=4So2ygEACAAJ&printsec=frontcover&img=1&zoom=5&source=gbs_api,1
L.D.Lapinski,Jamie,Reading Challenge,5,9781510110922,Jamie,L. D. Lapinski,Orion Children's Books,2023,en,http://books.google.com/books/content?id=pMnSzgEACAAJ&printsec=frontcover&img=1&zoom=1&source=gbs_api,http://books.google.com/books/content?id=pMnSzgEACAAJ&printsec=frontcover&img=1&zoom=5&source=gbs_api,1
Benjamin Dean,Me my Dad and the end of the rainbow,Reading Challenge,5,9781471199738,"Me, My Dad And The End Of The Rainbow",Benjamin Dean,Simon & Schuster Children's,2021,en,http://books.google.com/books/content?id=e4eyzQEACAAJ&printsec=frontcover&img=1&zoom=1&source=gbs_api,http://books.google.com/books/content?id=e4eyzQEACAAJ&printsec=frontcover&img=1&zoom=5&source=gbs_api,1
Susan Brownrigg,Gracie Fairhsaw and the mysterious guest,Reading Challenge,5,9781912979349,Gracie Fairshaw And The Mysterious Guest,Susan Brownrigg,Unknown,2020,en,http://books.google.com/books/content?id=QS52zQEACAAJ&printsec=frontcover&img=1&zoom=1&source=gbs_api,http://books.google.com/books/content?id=QS52zQEACAAJ&printsec=frontcover&img=1&zoom=5&source=gbs_api,1
Polly Hoyen,The day no one woke up,Reading Challenge,5,9781471193569,The Day No One Woke Up,Polly Ho-Yen,Simon and Schuster,2022,en,http://books.google.com/books/content?id=JNR2EAAAQBAJ&printsec=frontcover&img=1&zoom=1&edge=curl&source=gbs_api,http://books.google.com/books/content?id=JNR2EAAAQBAJ&printsec=frontcover&img=1&zoom=5&edge=curl&source=gbs_api,1
Paola Peretti,The distance between me and the cherry tree,Reading Challenge,5,9781471407550,The Distance Between Me And The Cherry Tree,Paola Peretti,Unknown,2018,en,http://books.google.com/books/content?id=VFEqswEACAAJ&printsec=frontcover&img=1&zoom=1&source=gbs_api,http://books.google.com/books/content?id=VFEqswEACAAJ&printsec=frontcover&img=1&zoom=5&source=gbs_api,1
Emily Kenny,The Extraordinary adventures of Alice Tonks,Reading Challenge,5,9780861542055,The Extraordinary Adventures Of Alice Tonks,Emily Kenny,Rock the Boat,2022,en,http://books.google.com/books/content?id=GCygzgEACAAJ&printsec=frontcover&img=1&zoom=1&source=gbs_api,http://books.google.com/books/content?id=GCygzgEACAAJ&printsec=frontcover&img=1&zoom=5&source=gbs_api,1
Humza Arshad,Little Badman and the time travelling teacher of doom,Reading Challenge,5,9780241378502,Little Badman 2,Humza Arshad & Humza Arshad and Henry White,Puffin,2020,en,http://books.google.com/books/content?id=uXJ5xQEACAAJ&printsec=frontcover&img=1&zoom=1&source=gbs_api,http://books.google.com/books/content?id=uXJ5xQEACAAJ&printsec=frontcover&img=1&zoom=5&source=gbs_api,1
Burhana Islam,Mayhem Mission,Reading Challenge,5,9781913311148,Mayhem Mission,Burhana Islam,My Laugh-Out-Loud Life,2021,en,http://books.google.com/books/content?id=0Zw5zgEACAAJ&printsec=frontcover&img=1&zoom=1&source=gbs_api,http://books.google.com/books/content?id=0Zw5zgEACAAJ&printsec=frontcover&img=1&zoom=5&source=gbs_api,1
Lynne Kelly,Song for a whale,Reading Challenge,5,9781848126916,Song For A Whale,Lynne Kelly,Piccadilly Press,2019,en,http://books.google.com/books/content?id=-M8_vAEACAAJ&printsec=frontcover&img=1&zoom=1&source=gbs_api,http://books.google.com/books/content?id=-M8_vAEACAAJ&printsec=frontcover&img=1&zoom=5&source=gbs_api,1
Jamar J Perry,Cameron Battle and the hidden Kingdoms,Reading Challenge,5,9781547606948,Cameron Battle And The Hidden Kingdoms,Jamar J. Perry,Bloomsbury Children's Books,2022,en,http://books.google.com/books/content?id=3bY2EAAAQBAJ&printsec=frontcover&img=1&zoom=1&source=gbs_api,http://books.google.com/books/content?id=3bY2EAAAQBAJ&printsec=frontcover&img=1&zoom=5&source=gbs_api,1
Maisie Chan,Danny Chung does not do maths,Reading Challenge,5,9781800780019,Danny Chung Does Not Do Maths,Maisie Chan,Unknown,2021,en,http://books.google.com/books/content?id=N_03zgEACAAJ&printsec=frontcover&img=1&zoom=1&source=gbs_api,http://books.google.com/books/content?id=N_03zgEACAAJ&printsec=frontcover&img=1&zoom=5&source=gbs_api,1
Onjali Q Rauf,The lion above the door,Reading Challenge,5,9781510106758,The Lion Above The Door,Onjali Q. Rauf,Orion Children's Books,2021,en,http://books.google.com/books/content?id=nl2-zQEACAAJ&printsec=frontcover&img=1&zoom=1&source=gbs_api,http://books.google.com/books/content?id=nl2-zQEACAAJ&printsec=frontcover&img=1&zoom=5&source=gbs_api,1
Elle McNicoll,A kind of Spark,Reading Challenge,5,9781913311056,A Kind Of Spark,Ellen McNicoll,Unknown,2020,en,http://books.google.com/books/content?id=sg-VzQEACAAJ&printsec=frontcover&img=1&zoom=1&source=gbs_api,http://books.google.com/books/content?id=sg-VzQEACAAJ&printsec=frontcover&img=1&zoom=5&source=gbs_api,1
Angela Mcallister,Leon and the place between,Reading Challenge,5,9781840118605,Leon And The Place Between,Angela McAllister,Unknown,2009,en,http://books.google.com/books/content?id=V4IzPwAACAAJ&printsec=frontcover&img=1&zoom=1&source=gbs_api,http://books.google.com/books/content?id=V4IzPwAACAAJ&printsec=frontcover&img=1&zoom=5&source=gbs_api,1
Tola Okoggwu,Onyeka and the academy of the sun,Reading Challenge,6,9781398505087,Onyeka And The Academy Of The Sun,Tolá Okogwu,Simon & Schuster Children's,2022,en,http://books.google.com/books/content?id=UgOLzgEACAAJ&printsec=frontcover&img=1&zoom=1&source=gbs_api,http://books.google.com/books/content?id=UgOLzgEACAAJ&printsec=frontcover&img=1&zoom=5&source=gbs_api,1
Isabel Roxas,The adventures of team pom squid happens,Reading Challenge,6,9781912497256,The Adventures Of Team Pom: Squid Happens - Team Pom Book 1,Isabel Roxas,National Geographic Books,2021,en,http://books.google.com/books/content?id=UhiREAAAQBAJ&printsec=frontcover&img=1&zoom=1&source=gbs_api,http://books.google.com/books/content?id=UhiREAAAQBAJ&printsec=frontcover&img=1&zoom=5&source=gbs_api,1
B.B.Alston,Amari and the night brothers,Reading Challenge,6,9781405298179,Amari And The Night Brothers,B. B. Alston,Unknown,2021,en,http://books.google.com/books/content?id=6uSWzQEACAAJ&printsec=frontcover&img=1&zoom=1&source=gbs_api,http://books.google.com/books/content?id=6uSWzQEACAAJ&printsec=frontcover&img=1&zoom=5&source=gbs_api,1
Sarah Hagger Holt,Nothing ever happens here,Reading Challenge,6,9781474966238,Nothing Ever Happens Here,Sarah Hagger-Holt,Unknown,2020,en,http://books.google.com/books/content?id=e_DqygEACAAJ&printsec=frontcover&img=1&zoom=1&source=gbs_api,http://books.google.com/books/content?id=e_DqygEACAAJ&printsec=frontcover&img=1&zoom=5&source=gbs_api,1
Elle McNicoll,Show us who you are,Reading Challenge,6,9781913311131,Show Us Who You Are,Elle McNicoll,Unknown,2021,en,http://books.google.com/books/content?id=Pkg5zgEACAAJ&printsec=frontcover&img=1&zoom=1&source=gbs_api,http://books.google.com/books/content?id=Pkg5zgEACAAJ&printsec=frontcover&img=1&zoom=5&source=gbs_api,1
Sharana Jackson,Happy Here,Reading Challenge,6,9781913311162,Happy Here - 10 Stories From Black British Authors & Illustrators,Dean Atta & Joseph Coelho & Kereen Getten & Patrice Lawrence & Theresa Lola & E.L. Norry & Jasmine Richards & Alexandra Sheppard & Yomi Sode,Unknown,2021,en,http://books.google.com/books/content?id=i4yAzgEACAAJ&printsec=frontcover&img=1&zoom=1&source=gbs_api,http://books.google.com/books/content?id=i4yAzgEACAAJ&printsec=frontcover&img=1&zoom=5&source=gbs_api,1
Kereen Getten,When life gives you mangoes,Reading Challenge,6,9780593173978,When Life Gives You Mangos,Kereen Getten,Delacorte Press,2020,en,http://books.google.com/books/content?id=rr74DwAAQBAJ&printsec=frontcover&img=1&zoom=1&source=gbs_api,http://books.google.com/books/content?id=rr74DwAAQBAJ&printsec=frontcover&img=1&zoom=5&source=gbs_api,1
Jo Cotterill,A storm of strawbwrries,Reading Challenge,6,9781848126169,A Storm Of Strawberries,Jo Cotterill,Unknown,2017,en,http://books.google.com/books/content?id=-MyNAQAACAAJ&printsec=frontcover&img=1&zoom=1&source=gbs_api,http://books.google.com/books/content?id=-MyNAQAACAAJ&printsec=frontcover&img=1&zoom=5&source=gbs_api,1
Eve Wersocki Morris,The bird singers,Reading Challenge,6,9781444963328,The Bird Singers,Eve Wersocki Morris,Hodder Children's Books,2022,en,http://books.google.com/books/content?id=nsGNzgEACAAJ&printsec=frontcover&img=1&zoom=1&source=gbs_api,http://books.google.com/books/content?id=nsGNzgEACAAJ&printsec=frontcover&img=1&zoom=5&source=gbs_api,1
Nina Hamza,Ahmed Aziz's epic year,Reading Challenge,6,9780063024892,Ahmed Aziz's Epic Year,Nina Hamza,Quill Tree Books,2021,en,http://books.google.com/books/content?id=SFTmzQEACAAJ&printsec=frontcover&img=1&zoom=1&source=gbs_api,http://books.google.com/books/content?id=SFTmzQEACAAJ&printsec=frontcover&img=1&zoom=5&source=gbs_api,1
Rosie Jones,The amazing Edie Eckhart,Reading Challenge,6,9781444958348,Amazing Edie Eckhart - Book 1,Rosie Jones,Hodder Children's Books,2021,en,http://books.google.com/books/content?id=ipgvzgEACAAJ&printsec=frontcover&img=1&zoom=1&source=gbs_api,http://books.google.com/books/content?id=ipgvzgEACAAJ&printsec=frontcover&img=1&zoom=5&source=gbs_api,1
Zillah Bethell,The shark caller,Reading Challenge,6,9781474966849,The Shark Caller,Zillah Bethell,Usborne,2020,en,http://books.google.com/books/content?id=6TVKzQEACAAJ&printsec=frontcover&img=1&zoom=1&source=gbs_api,http://books.google.com/books/content?id=6TVKzQEACAAJ&printsec=frontcover&img=1&zoom=5&source=gbs_api,1
Jo Cotterill,Jelly,Reading Challenge,6,9781848126732,Jelly,Jo Cotterill,Unknown,2018,en,http://books.google.com/books/content?id=IXkYtAEACAAJ&printsec=frontcover&img=1&zoom=1&source=gbs_api,http://books.google.com/books/content?id=IXkYtAEACAAJ&printsec=frontcover&img=1&zoom=5&source=gbs_api,1
Eve Ainsworth,All to play for,Reading Challenge,6,9781800900929,All To Play For,Eve Ainsworth,Barrington Stoke,2022,en,http://books.google.com/books/content?id=B_ikzgEACAAJ&printsec=frontcover&img=1&zoom=1&source=gbs_api,http://books.google.com/books/content?id=B_ikzgEACAAJ&printsec=frontcover&img=1&zoom=5&source=gbs_api,1
Sita Brahmachari,Where the riverruns gold,Reading Challenge,6,9781510105416,Where The River Runs Gold,Sita Brahmachari,Orion Children's Books,2019,en,http://books.google.com/books/content?id=wfHAtgEACAAJ&printsec=frontcover&img=1&zoom=1&source=gbs_api,http://books.google.com/books/content?id=wfHAtgEACAAJ&printsec=frontcover&img=1&zoom=5&source=gbs_api,1
Dave McKean,SF said tyger,Reading Challenge,6,9781788452830,Tyger,Sf Said,Unknown,2022,en,Unknown,Unknown,1
Jerry Craft,New kid,Reading Challenge,6,9780062691194,New Kid,Jerry Craft,HarperCollins,2019,en,http://books.google.com/books/content?id=fQM6tgEACAAJ&printsec=frontcover&img=1&zoom=1&source=gbs_api,http://books.google.com/books/content?id=fQM6tgEACAAJ&printsec=frontcover&img=1&zoom=5&source=gbs_api,1
Joseph Coelho,Overheard in a tower block,Reading Challenge,6,9781910959589,Overheard In A Tower Block - Poems,Joseph Coelho,Unknown,2017,en,http://books.google.com/books/content?id=4mn4nAAACAAJ&printsec=frontcover&img=1&zoom=1&source=gbs_api,http://books.google.com/books/content?id=4mn4nAAACAAJ&printsec=frontcover&img=1&zoom=5&source=gbs_api,1
Onjali Q. Rauf,The night bus hero,Reading Challenge,6,9781510106772,The Night Bus Hero,Onjali Q. Rauf,Orion Children's Books,2020,en,http://books.google.com/books/content?id=btmlyAEACAAJ&printsec=frontcover&img=1&zoom=1&source=gbs_api,http://books.google.com/books/content?id=btmlyAEACAAJ&printsec=frontcover&img=1&zoom=5&source=gbs_api,1
Lisa Thompson,The goldfish boy,Reading Challenge,6,9781407170992,The Goldfish Boy,Lisa Thompson,Unknown,2017,en,http://books.google.com/books/content?id=wxeLjwEACAAJ&printsec=frontcover&img=1&zoom=1&source=gbs_api,http://books.google.com/books/content?id=wxeLjwEACAAJ&printsec=frontcover&img=1&zoom=5&source=gbs_api,1
Jason Reynolds,Look both ways,Reading Challenge,6,9781999642594,Look Both Ways,Jason Reynolds,Unknown,2019,en,http://books.google.com/books/content?id=ZahQyQEACAAJ&printsec=frontcover&img=1&zoom=1&source=gbs_api,http://books.google.com/books/content?id=ZahQyQEACAAJ&printsec=frontcover&img=1&zoom=5&source=gbs_api,1
Anne-Marie Conway,How to be more hedgehog,Reading Challenge,6,9781912979813,How To Be More Hedgehog,Anne-Marie Conway,Unknown,2022,en,http://books.google.com/books/content?id=jKL3zgEACAAJ&printsec=frontcover&img=1&zoom=1&source=gbs_api,http://books.google.com/books/content?id=jKL3zgEACAAJ&printsec=frontcover&img=1&zoom=5&source=gbs_api,1
Patience Agbabi,The infinite,Reading Challenge,6,9781786899651,The Infinite,Patience Agbabi,Canongate Books,2020,en,http://books.google.com/books/content?id=RIOHygEACAAJ&printsec=frontcover&img=1&zoom=1&source=gbs_api,http://books.google.com/books/content?id=RIOHygEACAAJ&printsec=frontcover&img=1&zoom=5&source=gbs_api,1
Steward Foster,All the things that would go wrong,Reading Challenge,6,9781471145421,Big Fish,Stewart Foster,Simon & Schuster Childrens Books,2017,en,http://books.google.com/books/content?id=tcXVsgEACAAJ&printsec=frontcover&img=1&zoom=1&source=gbs_api,http://books.google.com/books/content?id=tcXVsgEACAAJ&printsec=frontcover&img=1&zoom=5&source=gbs_api,1
Polly ho-yen,Boy in the tower,Reading Challenge,6,9780552569163,Boy In The Tower,Polly Ho-Yen,Corgi,2015,en,http://books.google.com/books/content?id=zHDRoQEACAAJ&printsec=frontcover&img=1&zoom=1&source=gbs_api,http://books.google.com/books/content?id=zHDRoQEACAAJ&printsec=frontcover&img=1&zoom=5&source=gbs_api,1
JUSTIN A.reynolds,Miles Morales shock waves,Reading Challenge,6,9780702313318,Miles Morales: Shock Waves (Marvel),Justin A. Reynolds,Unknown,2021,en,http://books.google.com/books/content?id=pupgzgEACAAJ&printsec=frontcover&img=1&zoom=1&source=gbs_api,http://books.google.com/books/content?id=pupgzgEACAAJ&printsec=frontcover&img=1&zoom=5&source=gbs_api,1
Phil Earle,While the Storm Rages,Reading Challenge,6,9781839132056,While The Storm Rages,Phil Earle,Unknown,2022,en,http://books.google.com/books/content?id=QvCxzgEACAAJ&printsec=frontcover&img=1&zoom=1&source=gbs_api,http://books.google.com/books/content?id=QvCxzgEACAAJ&printsec=frontcover&img=1&zoom=5&source=gbs_api,1
Varsha Shah,Ajay and the Mumbai Sun,Reading Challenge,6,9781913696337,Ajay And The Mumbai Sun,Varsha Shah,Unknown,2022,en,http://books.google.com/books/content?id=x7yjzgEACAAJ&printsec=frontcover&img=1&zoom=1&source=gbs_api,http://books.google.com/books/content?id=x7yjzgEACAAJ&printsec=frontcover&img=1&zoom=5&source=gbs_api,1
Libby Scott,Do you know me?,Reading Challenge,6,9780702300950,Can You See Me 2,Libby Scott & Rebecca Westcott,Unknown,2020,en,http://books.google.com/books/content?id=dpPdygEACAAJ&printsec=frontcover&img=1&zoom=1&source=gbs_api,http://books.google.com/books/content?id=dpPdygEACAAJ&printsec=frontcover&img=1&zoom=5&source=gbs_api,1
Robert Swindles,Room 13,Reading Challenge,6,9780440864653,Room 13,Robert Swindells,Random House,1990,en,http://books.google.com/books/content?id=9PmiaJLjlfsC&printsec=frontcover&img=1&zoom=1&edge=curl&source=gbs_api,http://books.google.com/books/content?id=9PmiaJLjlfsC&printsec=frontcover&img=1&zoom=5&edge=curl&source=gbs_api,1
Julie Pike,The last spell breather,Reading Challenge,6,9780192771605,The Last Spell Breather,Julie Myerson & Julie Pike,Unknown,2019,en,http://books.google.com/books/content?id=6ZI6wQEACAAJ&printsec=frontcover&img=1&zoom=1&source=gbs_api,http://books.google.com/books/content?id=6ZI6wQEACAAJ&printsec=frontcover&img=1&zoom=5&source=gbs_api,1
